Q_feature_0,Q_feature_1,Q_feature_2,Q_feature_3,Q_feature_4,Q_feature_5,Q_feature_6,Q_feature_7,label
-0.5008396284185663,0.8444300989874941,0.4321818351668098,0.02148967819604125,-0.2129603459598915,0.3558694927956981,0.05972196501935462,0.05309600481868926,1
-0.5801152530169214,0.28341772117066244,0.20255070390831903,0.3160905529032105,-0.2604285005328776,0.1646258985158806,-0.177408591301929,-0.0009571773616952606,1
-0.5288653620867005,0.8066350986996382,0.516179561064779,-0.14058346605950373,-0.10677070349236889,0.17861059183218986,0.04637731782772564,-0.05052202186498511,1
-0.5464196545357201,0.4968583199233918,0.3551650516408912,0.6274754530650063,-0.425429840997328,0.22794786555707486,0.14222770051911043,0.1284577834227117,1
-0.5014778510888327,0.5248895915667737,-0.09244335395580994,0.10588772979742028,-0.2429084437069845,0.2545771856216493,-0.1881516177453441,-0.04779883188052797,1
-0.4975754490051112,0.7518558916563786,0.5457725412248817,-0.0504538580584073,-0.31440533381146896,0.2279212641158151,0.0999637615104989,0.03500847111647343,1
-0.5977740740518289,0.7715617965132185,0.44223044922826277,0.3318940998986554,-0.11295424331289505,0.31801592180735727,0.1225011292077044,0.09081073169268017,1
-0.598138498117534,0.776737790112545,0.4367547607042278,0.26234040352851495,-0.07958874503723268,0.2998219754847492,-0.12266048405280544,-0.021182433503844744,1
-0.5981384981175342,0.7267303030538479,0.5161355961263437,-0.19021407189488732,-0.18448352897019388,0.07669026159011733,-0.03478762945469566,-0.08692952628486988,1
-0.545337820962491,0.9121023642049683,0.43448848048180333,0.2774043367909635,-0.06094410082555146,0.3659669434690907,0.03014270075903791,0.03791267629915468,1
-0.5887691289698047,0.7804789650952247,0.5275822520528664,-0.1839573015554642,-0.19607155550183808,0.14410237579805224,0.038818376879903194,-0.08605090033966267,1
-0.5324522188401064,0.8928886763264189,0.506325929760632,0.02917443420433946,-0.14396186437088782,0.3200972990733013,-0.14292968465946876,-0.06956848851479502,1
-0.5981384981175342,0.7517340465831966,0.49039625222896216,0.0354463542459269,-0.16331641612859304,0.3032291889442761,0.08778181809492713,0.055165183301770726,1
-0.8150256182804289,0.3524146452092391,0.5828516724565596,0.3048880041033991,0.022703646305434977,0.19621639286391873,0.04513158025383074,-0.0045872523808486165,0
-0.7921687438016953,0.4266110935029017,0.5642066771344441,0.26780322080307234,-0.01606380080479186,0.23759878288605263,0.047488096367956645,0.0055842116911190565,0
-0.7205264466143614,0.3842321225304971,0.29450265003237164,0.15160802431156106,-0.10221548651465684,0.1383004065069271,0.08790387774698566,0.017066504004628225,0
-0.5853732631886472,0.42819298123260013,0.4150221584613205,-0.14015113905850107,-0.16355682026698903,0.0851448834429791,0.17451088776396934,0.034764724042014084,1
-0.5299509244765311,0.8843459981599044,0.504897811084269,0.020282911157831374,-0.13885289161966802,0.35515847428532327,0.057991439547355195,0.053403629933853,1
-0.6025144987039488,0.7750695360381921,0.49161229995669276,0.046831064845292036,-0.17235906092544778,0.2718366904975351,-0.1269567543731686,-0.07442924521224098,1
-0.5524528915635627,0.842969268465434,0.5372627254714115,-0.2326928314193238,-0.17736434454496824,0.18745898655563942,0.1348931558252061,0.0428647081446763,1
-0.4655939873297244,0.19479613593289996,0.22767197910169928,0.15155299829281993,-0.015849932475471562,0.051908258815049346,0.10186006811689474,0.004506243819563216,0
-0.4548892742711652,0.3759567003309803,0.4054159178276937,0.14111782280726415,-0.07792182853732044,0.17284029949377816,0.1037472472982674,0.02846300156469972,0
-0.5361238260924502,0.863859771264908,0.5435340700037934,-0.23511216406097296,-0.17507024060555187,0.1654987152951335,0.028974805556882033,-0.08420721106086226,1
-0.5464327662493791,0.8620129459412094,0.5255730642162167,-0.20805767538079512,-0.3196858049432589,0.1835765242796214,0.05568103711256506,-0.09610443464272339,1
-0.5559474620255705,0.8297911817644271,0.5439992946005515,-0.17253605361546254,-0.20208451739681632,0.15888542158236607,0.030488776880671642,-0.08691520407939163,1
-0.5698183877139443,0.32855747972590754,0.3387684371297209,0.13257236747792178,-0.09732273134815306,0.1137149020782014,0.06773177782799,0.006197354316787862,0
-0.5888512916837958,0.807767822140832,0.4933803342886538,0.04045484849683023,-0.18792057404957624,0.3081558378451039,-0.043124450886186716,-0.06447909243425687,1
-0.7033607560534442,0.24225945111316582,0.30815134750363304,0.16014132749776355,-0.09931337151112962,0.07556182571521874,0.0818952765558929,0.004715588866143761,0
-0.5186122055872726,0.5231955872224275,-0.13312192385904165,-0.006195313146367953,-0.20194852976824207,0.12192819848233821,0.07795834978564242,0.013474063389576796,1
-0.5237381547061959,0.9073882047298608,0.4114206411477731,0.2877785779060311,-0.06561614557953277,0.32484893189155956,-0.11461684469023242,0.002919015748772069,1
-0.5980236897204018,0.7746049660115224,0.4406487494826962,0.2947469948279565,-0.09716376384747227,0.3076364715037596,0.06790076703326231,0.05238345948667328,1
-0.4818455868912254,0.32649007266608415,0.37769717690809096,0.15841843131500327,-0.0952896296357359,0.10675697543324086,0.13317501097262074,0.03925350177037723,0
-0.4376082081729794,0.6320385657246862,0.4649701749703491,0.06041351653131688,-0.23516294466576443,0.10447623336722056,-0.1030386427110398,-0.03583566982085129,1
-0.46359066599183296,0.12673349537116962,0.19027574589668106,0.08524872747002665,-0.11336880066754351,0.06066089143549319,0.12527377254771344,0.013372656281145645,0
-0.45487816728115316,0.8594866868688904,0.34934100310059424,0.03430710260649239,-0.2211335239747093,0.36002010458421824,0.049259171510541044,0.057870304948458795,1
-0.42250687562517064,0.8700321905955197,-0.34769880872889414,0.08828637521920013,-0.17042451289509808,0.2658023350211799,0.03940606838857291,0.017159606623563806,1
-0.459591348800402,0.9032605168996044,0.22291863679443613,0.2127925765828934,-0.11120281568049906,0.35061670181604154,0.039999386643021106,0.036478591399656035,1
-0.39425365267522294,0.2032284010717132,0.4748370112030542,0.18895186788674218,0.022203643094236114,0.17370471728323633,0.07175125109908498,-0.004380044916032444,0
-0.5103434624628014,0.8474873372484304,0.5931726991689623,-0.15174792923334196,-0.27024926017863876,0.08569601197690857,-0.05248062402857612,-0.113552630350781,1
-0.5606935317971421,0.19018062840767108,0.3527079275875309,0.10194540930663754,-0.1210768623791375,0.04739896911336916,0.13593193070152632,-0.006990097567658782,1
-0.604251493591241,0.6848664998290002,0.4597815648056049,0.163334354296446,-0.3703204022903354,0.2596633405847176,0.0575016072521457,-0.06585444567602444,1
-0.6280514135122932,0.4485681466397827,0.5133967733568353,0.2571978773442075,-0.013663380483845355,0.23258268808313093,0.04235037550741949,0.00031716222895289414,0
-0.43178491843710404,0.859152472350659,-0.10664639436432344,0.21526219555877724,0.01733686123891154,0.11767089150961701,0.0059707633967109874,0.02951167048853015,1
-0.6569043212851233,0.3839200445846287,0.3400660075597488,0.24277926284552043,-0.017717045581071345,0.08664936409002266,0.09919110021304212,0.01108713061704647,0
-0.49354051961029266,0.3381109857244328,0.38077215684859406,0.1623486225191017,-0.09429244304610152,0.11013360542662842,0.14203362377359902,0.04465208612888005,0
-0.6521189666276831,0.4563951108958834,0.4734774024097239,0.23343258384684945,-0.06308466883846942,0.2130936023298779,0.05014656443089577,0.009857112405699697,0
-0.6100599604813286,0.6755254841483119,0.45269737517959857,0.27186353389954976,-0.0202756234612666,0.20596654490752941,0.09343822587975481,0.0496143179323047,0
-0.5887111941608956,0.6990003189813002,0.4831660397727794,0.39508202515011825,-0.4326947083956617,0.24757929983339338,0.09268840431529035,7.25945092204805e-05,1
-0.7666141486701422,0.3516138207164369,0.34942238617644095,0.25775983594427865,-0.018056261084842595,0.09291255111421703,0.12190426325023002,0.029289950010912336,0
-0.4410574603301541,0.7922060022515506,0.05170940634157295,0.22260806658651527,-0.20408604163952393,0.29167928997598513,-0.047114371423099766,0.014741836664248331,1
-0.5530772329143409,0.8476171885114204,0.5442753516093092,-0.18950906601225936,-0.1966626744967886,0.1886867196488824,0.10348164882457273,-0.03251403446042511,1
-0.7613305782333644,0.6611792813021811,0.5887016023788123,0.3317807659071096,0.008893348275123225,0.28119676870509447,0.0061653664345201475,-0.00669856826448284,0
-0.630068246959206,0.7158385345346517,0.41651055055785247,0.23782099323109862,-0.0778396880395048,0.2894547670451906,0.07195580426644715,0.04300605171757127,1
-0.6569773891182185,0.5999284415489967,0.6039049750373893,0.39500203616209384,0.035419799208561475,0.23082768365236356,0.06657709923928112,0.02343373027997875,0
-0.5981563678974231,0.7773501467043977,0.42711550209588517,0.25296675229219623,-0.07184744404288224,0.3272292867927698,0.050196539230280224,0.035827529803536706,0
-0.6832937490491584,0.5926622884521522,0.5565138865308239,0.26657835484603015,-0.026389262819465076,0.2959595984200374,0.053104509518980936,0.015751862073482226,0
-0.5981439225676735,0.787263624453532,0.37802453150420356,0.35963788971440097,0.0321019487759403,0.200556878854926,0.050827013884659766,0.03527087360894221,1
-0.5725826778964624,0.5711795649535638,0.4677659266674643,0.03912354972316284,-0.16676726818089216,0.19060687746557448,-0.0912593044585514,-0.06812950776729243,1
-0.1678684833153361,0.46260113419104604,0.38890469805103073,0.2835063051911074,-0.0908368945683275,0.22625700262169868,0.08348744906743677,0.042319725657341545,1
-0.5980925604795481,0.7757266558010989,0.4258956185356136,0.2801664480776487,-0.08825547336950007,0.3360436236544059,0.0502042047381297,0.037588408786941085,1
-0.6994353684160348,0.4098479090257371,0.36334566767828125,0.17224877716416465,-0.08745959521602581,0.1758497049541639,0.055535572734439875,0.005572292324271422,0
-0.46528232458296914,0.5075861339302957,0.19100698972286445,0.13738145877219338,-0.20155198979434746,0.2004924491972161,-0.21541977515117605,-0.027074320400861607,1
-0.598110422853857,0.7760760169715066,0.46500620184885705,0.26403070505940784,-0.09617707355791538,0.21887197822170246,0.05340191424844848,0.022808138780066545,1
-0.4555677606791434,0.2156278366951273,0.3583912446775042,0.1586426732440298,-0.05433219539277834,0.12222200297669555,0.10854828230730157,0.014985731054171947,0
-0.5256646447001587,0.5324422570572191,0.37921303316849697,0.30542309520953204,-0.030869586006151528,0.09256133048213466,0.06548315892655227,0.00266433474855432,0
-0.6538574173045694,0.5995695414214733,0.4670410957327932,0.03233774395082173,-0.13590969870349684,0.24330249082753125,0.1064260708365597,0.04543356442878754,1
-0.6805231117073592,0.6281354846207756,0.45458786327828793,0.03348783300364394,-0.15434686826877542,0.24679439635840017,-0.01625621956028722,-0.055340066859857706,1
-0.480436809133269,0.5576764223899842,0.44885591165259353,0.20990618753554752,-0.0693238936170737,0.25713534574401015,0.08206190374954248,0.03563569248985171,0
-0.46434371973154503,0.5527266008912302,0.5273929092302894,0.06134040775159877,-0.27826141063966947,0.05955165723909528,-0.11281953143173318,-0.08616335244033657,1
-0.5249835868760699,0.9005661496476899,0.444851368426302,0.2665310358285937,-0.05457349012926005,0.35901994747974014,0.008102035467373037,0.028093901834507773,1
-0.5981439225676736,0.7268338768400253,0.5160617990125623,-0.19225034195775142,-0.18426641963545032,0.12947713474163136,0.04703467354230034,-0.08263595795669743,1
-0.6497137867260452,0.513265259242534,0.39300821736235625,0.303445510644206,-0.030944568768782543,0.09456416409328477,0.07142042232283058,0.0063268802278407255,0
-0.5978962643446402,0.748615731156286,0.4922164333885778,0.08282629442670864,-0.20124673719880037,0.29660777160602864,-0.03798248856453479,-0.06641247686494561,1
-0.6925148678362192,0.21581716672043322,0.21568158186381858,0.08668626368338456,-0.1017804723444431,0.1871556553916473,0.09777338849137795,0.004815792159728827,0
-0.5981324358108888,0.7765769727194756,0.4458934919749423,0.26277017135900027,-0.08253677243824958,0.2770752366546898,0.0654574263674822,0.046826104743164065,1
-0.43405414340926396,0.35580747740702257,0.4413343274984109,0.19117523622470345,-0.04755731409189767,0.18152839735356424,0.10146799822374541,0.02638121771610963,0
-0.499959548312335,0.26458301383853566,0.23116196359938013,0.18583345343105329,-0.01832962540560329,0.05944424434420559,0.10223082400748612,0.011351194850049928,0
-0.598138498117534,0.7517340465831966,0.49039625222896227,0.035446354245927014,-0.16326654644947197,0.3102246540186728,0.045373925577989194,-0.009603717985513904,1
-0.479920666866884,0.8625839176429899,0.41998661135857523,0.032196787138159544,-0.20510234070208738,0.3621939350324543,0.013593178821008467,-0.019262331714072323,1
-0.4318537758218929,0.8125292347790521,0.5585461385255245,-0.08736430422434238,-0.22861956355857505,0.1516312796495154,-0.05686873110011381,-0.09507134743885981,1
-0.47555653507239215,0.8674673991278007,0.04323505752405765,0.2898083337298114,0.01357270372708852,0.1452402172003523,0.05445963555671418,0.016036716194228362,1
-0.5981384981175342,0.7767377901125452,0.4367547607042277,0.2623404035285147,-0.0783813679087923,0.30844806828121685,0.06496076877293977,0.0470070148848718,1
-0.7263960577056354,0.5317484729210891,0.5622274656688173,0.2729102840145067,-0.021070743812571457,0.28141042964320395,0.070954345666426,0.0272086352021898,0
-0.5495372320735661,0.2942732660859636,0.2930519940073545,0.26965653147127955,-0.19929391559915283,0.19756017356707356,0.0013806796069467664,-0.034366501926062165,1
-0.5134083512864496,0.8563345913985605,0.4310912261733335,0.27902796939445385,-0.06484338072410956,0.35650433991798247,0.10734444806486088,0.08475570425798001,1
-0.5494542672287605,0.24566885041229614,0.021419136571307118,0.17138238731206146,-0.09232914484799493,0.14769122366197024,-0.03259048103560619,-0.016839224575350253,1
-0.699500339504623,0.4866162978400855,0.33369704178815507,0.26901578606053356,0.04470415415999757,0.20301886080482057,0.054842611735449576,-0.007953121205158231,0
-0.5998723272164722,0.7791479490445994,0.4879753398452333,0.32422124884030423,-0.14707922140862928,0.252882632720021,-0.044747972420853654,-0.009499699266771688,1
-0.5820265453123541,0.5741106770773877,0.4314171439307084,0.31526916621162276,-0.02878744463222177,0.10204604105105164,0.1439170739222289,0.04699889285143172,0
-0.22414937803257745,0.14999085042823534,0.2777762856979766,0.10230221928095762,-0.012063603744232654,0.061359554381225145,0.08960271911602807,-0.0006585606100313335,0
-0.5966552461878227,0.761749336950224,0.4657592823528161,0.41692559146593305,-0.17339048600342133,0.23472522618789315,0.1365153000299218,0.09898211341642771,1
-0.5103101939714966,0.450243494429746,0.14934531077728547,0.22643450481805294,-0.270578495751782,0.1981662643975251,-0.19530785694233094,0.04260717264454911,1
-0.6742268219686702,0.5356234172985455,0.49804766742873596,0.2450652256588785,-0.055770495689464294,0.2662605017747888,0.04139980672439214,0.007934662984810936,0
-0.5963714615311905,0.8178762623385024,0.43346447284510153,0.27098534988241524,-0.07739471786611185,0.3198770337953906,0.05858336530388075,0.04775312593139952,1
-0.24406512080772141,0.1352622790293645,0.3574495516931413,0.09544192454983147,0.02270015958487792,0.12292958732721881,0.10022730014879272,0.002855927712880846,0
-0.5980826736176845,0.7755473669841093,0.439061629555645,0.2813034852514567,-0.08934159832513688,0.30798922422949276,0.06667120027168633,0.05014840095665013,1
-0.5386438726485827,0.7051360985755173,0.5470718054603816,-0.06981784078340908,-0.24035618922699914,0.15111341820906105,0.042243934376254455,-0.08848516873302181,1
-0.5981439225676739,0.7268338768400255,0.5403759854978465,-0.2111685827083447,-0.04864752788060078,0.05859134936523347,0.08053839710259242,0.014916013060815803,1
-0.5981183980578448,0.7762460832919683,0.449510643778695,0.2672782827080022,-0.0847291694359038,0.31160839896139225,0.01028718162787412,0.02241442278042821,1
-0.5492012147184625,0.868591774412032,0.4739991385367453,-0.32070870452846645,-0.13832447885970756,-0.0338936010809569,0.19152590927662044,-0.039375135758940416,1
-0.6188204190028042,0.2606608629694539,0.19706252059149054,0.14974567364316405,-0.013749911274275939,0.037233300594712304,0.12385750877709245,0.009661845047506334,0
-0.5251835554765676,0.7845570094104406,0.4743791668043313,0.5191640270389692,-0.21805736085362876,0.24255447996080276,0.1683483140217077,0.1370215868879215,1
-0.5512223009528588,0.8396256808594362,0.5376761058673845,-0.2168358717402259,-0.1835889178056493,0.18455787531157342,0.13745551123580463,0.04479424912204988,1
-0.5737467640114877,0.8428755285844642,0.4283674802935042,0.30960689088395704,-0.09675786421895499,0.35256197249537186,0.03461272343393229,0.03211681972210195,1
-0.3926306985200712,0.30907082388147344,0.4110653250670943,0.14814397224551057,-0.07292627537396201,0.13833485514829463,0.09495631235401353,0.019459571307771928,0
-0.7415471839546612,0.6140294832747055,0.5659307440783373,0.2958896715209752,-0.03511482235988511,0.3050759256600185,0.05405330609077824,0.022847855358316127,0
-0.5088177585997316,0.12262285019816699,0.1324917875659667,0.050519348744501924,-0.11070989725137687,0.1574214565368945,0.11373331229818456,0.00596338059698609,0
-0.708997999689833,0.4317597009675997,0.4014014657181467,0.27143293573403354,0.046737690719660385,0.20490591270078717,0.042023653270857,-0.016185406661793467,0
-0.47541843646956106,0.5753783912716994,0.45047591506175644,0.1464757906153723,-0.23892724712954438,0.30983336687246743,0.07688275496318453,-0.0007533310285917638,1
-0.5961100082463442,0.5094338371915459,0.39161770477106306,0.1912674043212182,-0.07875234977779128,0.2756598689997031,0.0965953290109745,0.03404812376124938,0
-0.5229665090765308,0.7692240622604258,0.5053157688937565,0.28849726709066686,-0.39045457385430665,0.16119896777964776,0.3088346499993363,0.16232105658897983,1
-0.43544054855038405,0.7503387722203751,0.6727072598965995,0.1941723271646839,-0.3940114249806843,0.14998922165333334,-0.08351857397173873,-0.06064832878390242,1
-0.4404112983748697,0.46235013451454554,0.3499527406296556,0.18930540372825233,-0.019453808126846717,0.07234538807408347,0.08868115775382623,0.0032753759995454157,0
-0.7027748387218865,0.4327377126300274,0.2743167019976746,0.22742645293917602,0.029361537357213585,0.16671042023666505,0.06014932282826757,-0.013456950110950883,0
-0.5981487090676363,0.7519929250235593,0.4782052018656914,0.027607066790126977,-0.20227894363442012,0.3305936243840926,0.06717415848033664,-0.010470293085157956,1
-0.5596163241458179,0.6849163897031807,0.48098028582904007,0.029413473563639103,-0.16385793786988218,0.28080026863139,0.09873012049788032,0.05285569453493105,1
-0.560382050380476,-0.017916621268102673,0.13854753352799154,0.17719505344465197,-0.19776248083375497,0.08782240737648772,0.03178398216213346,-0.04420722338434652,1
-0.4011986685855369,0.6864815675276422,0.4389907235754301,0.3574397593906718,-0.14713212396692782,0.12115648751841174,0.08943377407803882,0.04837177577209473,1
-0.44027074638457775,0.8381740028579981,0.3580483268630257,0.014099420223616432,-0.2976395756519058,0.32270841741018025,0.03490197636029757,-0.0524338887084585,1
-0.4341865214490812,0.8993295609389564,0.08850405964140917,0.1589667589323257,-0.12952965489558665,0.2437092572084496,-0.15753286415237622,-0.04100041383567754,1
-0.544822100097058,0.8275024101889392,0.49622209096140896,0.030563227290351602,-0.17791070010633642,0.3385915518031277,0.06009107613828535,0.04713282518114931,1
-0.5981487090676361,0.7770501563719594,0.4360777001779855,0.25681776538589834,-0.07429124493269418,0.3100602256798801,0.08029419921465825,0.05522178261422439,0
-0.5988596738322324,0.7530682688406746,0.485789383362851,0.05615237338152479,-0.20106954466038884,0.28889666866254454,-0.04046608867621282,-0.06931328022463173,1
-0.4745184792210819,0.561437198140325,0.38543641483531926,0.2491277040378269,-0.024860445324274616,0.082397035173286,0.0936209326575061,0.010291878864314818,0
-0.43415179046487934,0.8020342246447345,0.7684921290771654,-0.08619349707324514,-0.1665769671745604,-0.07786067760573112,-0.10379325803525358,-0.00820713240735671,1
-0.5994541021030066,0.4694336701316464,0.2897039506826732,0.22793399064180508,0.053792197500923844,0.20238902900731437,0.06660427081677256,-0.004165641277182441,0
-0.5257826061397155,0.820064847919071,0.5205690859070022,-0.21453303179849192,-0.1084421935283052,0.14260870840540263,-0.07416185091448785,-0.055649730708493605,1
-0.5980925604795482,0.7757266558010989,0.43873810764452353,0.27860434871607814,-0.08777634599307682,0.3080572811068486,0.06642604452366058,0.04970046396669908,1
-0.421401750432557,0.8057918030083445,0.5116938080178152,-0.054202445675982036,-0.21275261259203782,0.1729363506511909,-0.07065543885297831,-0.08671271109092787,1
-0.7276989158778768,0.4339083143901885,0.411146000825996,0.210586629737065,-0.06425439505854608,0.1544158294242009,0.10249228386777326,0.031645069819645655,0
-0.5302316977229613,0.3352917719487443,0.27776889665995524,0.16107992363395351,0.01603033927627151,0.11676973001173085,0.07119152646887994,-0.012683606356298394,0
-0.5270125620539649,0.8779348259814108,0.4964939124971784,0.03987636377707754,-0.19145242867914736,0.3737463171023335,0.03948651117237556,-0.004269202635735325,1
-0.7008859477551508,0.593519401374328,0.3547205757612507,0.2756306529766842,-0.011619147911241412,0.17444270053245758,0.04730502465063474,0.01418983878606106,0
-0.5722197401835869,0.869806451204355,0.4435774909302319,0.26833085657890826,-0.06660835181759012,0.3058020558482884,-0.18294106137732336,-0.02459071873664881,1
-0.5206722359607794,0.8509661187034198,0.5628775017401607,-0.19803396799246797,-0.19119206487459833,0.16501304996096045,0.030745890893165206,-0.0856646683435926,1
-0.35596536202819107,0.37754081519949034,0.3583475242457127,0.21340229944930972,-0.00847838720410149,0.10319730527688598,0.08755057183702675,0.008598951502785723,0
-0.6085506274504973,0.4149776691943178,0.36704069139091944,0.17458279715893116,-0.0894193337681134,0.12134098039679159,-0.09905609446189279,-0.016356899276520898,1
-0.6017474567221652,0.7939053044475786,0.43061792343821537,0.3702392813181283,-0.14253708053490455,0.3524204462187715,0.052230170967626555,0.05228879520465862,1
-0.5981183980578446,0.7264090580262377,0.5015767766262833,-0.1807546675641717,-0.272084684962616,0.1791604180162436,0.10714642384625828,-0.05744329753162325,1
-0.6512163726704501,0.5924363932029775,0.19550921652975428,0.23418001074928124,0.03451170422010896,0.17262801497133068,0.08565437292409717,0.005134275884657591,0
-0.45783722546989347,0.45153182601597697,0.505132984738022,0.22286214653750924,-0.007991855478351295,0.2474580825331809,0.07977705344733638,0.022402288394571312,0
-0.6993827951226809,0.21851760783647323,0.16962682747038393,0.10028129010366127,-0.1147953747467979,0.06129800664118468,0.11170694248403484,0.0116099223247777,0
-0.5979144134920842,0.7731575321321041,0.4997467167975084,0.2849234751336431,-0.15622886615540088,-0.0236899006668444,0.11220475995292811,0.005049802937543868,1
-0.8145088601981713,0.1865648893899825,0.2955555267240442,0.16869832500075088,0.004038220452410923,0.11120602667364587,0.08914508911892938,-0.003058565290480486,0
-0.4207859978330856,0.14875067693199662,0.3641244649307752,0.13373027121506276,0.02624434153816879,0.1723134447236101,0.07734940524308365,-0.010133480483352442,0
-0.6537586021363052,-0.021295480440924053,0.13472150789365883,-0.19089755834339162,0.03801806861565443,-0.061429236891231365,-0.0139733600540623,-0.07375733877827845,1
-0.5880736827304447,0.7251602730327753,0.5275885372060815,-0.1608118747589104,-0.19702491537224698,0.030356434823481437,-0.10102383949464094,-0.04402224964118656,1
-0.5173099569192918,0.7827484897178745,0.41100421381512625,0.3409479682986658,-0.12448322632543546,0.3491665328734247,0.055619757781504464,0.04854217918348308,1
-0.7846291940312735,0.5423865965500942,0.6312955410447477,0.3155672471187566,-0.03953579304016924,0.20587414206062993,-0.03917230564578167,0.011430763876897732,1
-0.27574202765402467,0.24896648382386977,0.3802881980423021,0.10872391088544991,-0.08164029484091306,0.09116567074436166,0.1302374274667052,0.03194806867897887,0
-0.4501704928119517,0.8674030549856684,0.3984817930110096,0.04299069037215991,-0.20835067117116762,0.3131069313224519,-0.16872602958325322,-0.08748650019457854,1
-0.6492599043376514,0.003036950808239569,-0.23152525716001143,-0.1489171239792007,-0.02607212486498517,0.032226932198965386,0.08402550469401909,-0.03728483241809133,1
-0.5666295943508675,0.17278899223428146,0.33403134736950746,0.16125864195396283,0.01994135056946572,0.16709952787320892,0.06606474131772488,-0.017700497129795434,0
-0.4651387813437349,0.8365131222753935,0.4714649260977347,0.2550544529683778,-0.33128448555669054,0.3419576929918186,-0.08002743536123513,-0.09519122645090933,1
-0.6085029149669234,0.5283399958617507,0.390726900642743,0.18733499996768616,-0.07964261433116454,0.2496356921327209,0.07837667394773751,0.026897137192557874,0
-0.5442840532014942,0.9053853419139865,0.43057928289495917,0.3274189826104311,-0.09300922332576617,0.3742743643331093,0.04000585527167255,0.04544486745877058,1
-0.5500957970035687,0.6023754265492633,0.43195350700906104,0.28507135567623776,-0.002387635157989898,0.13092938533456072,0.05697265968302251,-0.0017557245443072245,0
-0.7862760346433825,0.26425190071117965,0.31294186916610445,0.15651299629985765,-0.09887452717489942,0.13376162050250784,0.10250792175763618,0.01561006904472223,0
-0.5203135746917087,0.88215728798869,0.49388254311585095,0.044690288164541236,-0.21798696810501844,0.3588607710978807,0.06615822231724916,0.05106313464736245,1
-0.5981563678974229,0.7522420980970748,0.4794564067214484,0.023614169882816338,-0.19207406691452544,0.12654249208489654,-0.16813753359648959,-0.038320999083587715,1
-0.5981384981175344,0.7267303030538478,0.5161355961263437,-0.19021407189488732,-0.1862617254244479,0.1572654144993832,0.1515980853938671,0.04432274636264821,1
-0.6590538290660927,0.5509339000823646,0.39880964537771674,0.24995703883490666,-0.035271451213390426,0.1573123787085866,0.048472245201537256,0.01176844034555824,0
-0.6021220294479402,0.5345518542220494,0.5118041451416033,0.25522931758991807,-0.023301563183250718,0.24808548168134198,0.05802199039927958,0.019683764897514222,0
-0.5981528575347653,0.7270357518010204,0.5088450092866554,-0.19364807273441353,-0.22362639987695088,0.17429648483693105,0.11484370380913528,-0.04383147885084243,1
-0.2986912882928995,0.2769662803356971,0.38332823465686394,0.15489107703025284,0.01806806529243893,0.125670824327009,0.061366604485453946,-0.010390418645664423,0
-0.6102516389840847,0.5725148196514125,0.44316321449229856,0.22966085723735452,-0.353615274458877,0.26679678668015605,0.1339381775956689,0.08995116752643534,1
-0.6181423649512346,0.07360359169297348,0.02807619539618511,-0.07154879468616365,-0.010722005274275581,-0.10047658083706029,0.048845892929100965,-0.03328388133030957,1
-0.4447392783287785,0.8397281731380655,0.39390201349307674,0.042613179827458936,-0.2629436636363055,0.36625163978242214,0.03394321710462256,-0.021619240015667562,1
-0.5392353570281322,0.2110301804468802,0.5636640651189111,0.22148970302553123,0.024183355844532073,0.195113188127361,0.05916925295328829,-0.008235373188092532,0
-0.6802151294839849,0.5187355298089034,0.35810209834226603,0.18723022127884925,-0.08606633987336332,0.2708865974889391,0.06911894229779703,0.014604429046194245,0
-0.5996496795058175,0.8131603834869766,0.4365482142048215,0.2866757979797285,-0.0868186687113286,0.31829404862015515,0.060807479557496824,0.05042462416097465,1
-0.41537304080628534,0.6691239222097427,0.5617654764864571,0.01973586981495168,-0.3059937687624233,0.05653604813812346,-0.12240505601172835,-0.10674376181949413,1
-0.5198154043002972,0.8960565690242001,0.4526122627168556,0.4238733547350595,-0.16687614024602493,0.29418627531900093,0.053220661669425406,0.06513273428045224,1
-0.42929100675876575,0.8078126802427448,0.3029551693409625,0.03148346798600554,-0.19571797311790418,0.35632059212900385,-0.003758782640988889,-0.024283704682125817,1
-0.5254208214900726,0.29515773504738935,0.3569173640936036,0.20112000669765318,-0.002613337448021613,0.10738119401135732,0.09680336196902029,0.010182809638218826,0
-0.45089956256176866,0.8180564838367824,0.37804060068670986,0.03444843211635279,-0.16702772123257337,0.3082850073705966,-0.17042267524874533,-0.07675942641334949,1
-0.43940581957871344,0.7074775045363352,-0.2228703969941216,0.07242477133898262,-0.09932151794889732,0.19054786033820653,0.0153992137508287,-0.005208004654699727,1
-0.4392797901356245,0.8592005526472285,0.38692516300555174,0.11220160063783768,-0.13659884382782472,0.28084907976015827,-0.06581746977936437,-0.04545863503040204,1
-0.6566355854355084,0.39298388972873133,0.4827381767964732,0.2389450651602868,-0.036801979453767564,0.21145390386082763,0.09128209805562099,0.027783991758549176,0
-0.7434147815806208,0.8189037212555808,0.6101602470585998,0.379469750881076,0.011497570224905385,0.3264720644412879,-0.008465939749613183,0.000593013248669727,0
-0.6487904012801544,0.20079838517154536,0.30185735267109937,0.04014909437306757,-0.12156050597800722,0.09255159831888732,0.14121776064067298,0.023904398306743235,1
-0.5981640272562705,0.7527112599697671,0.489409641669749,0.016437355886538496,-0.147514463238465,0.21298974496817996,-0.17355069958086133,-0.044520308099185224,1
-0.4808267129332495,0.41234525494134217,0.5516235393932353,0.2943491756106004,0.023195840139320467,0.2124272164898543,0.04626211216791859,-0.00610900817109844,0
-0.34880141218941474,0.33192517639384056,0.3262491206952937,0.15066954574029406,-0.040403220974860765,0.09848687813084195,0.0981299036311879,0.017462328902276336,0
-0.4301435510503008,0.6972491661790663,0.4446588883976266,-0.04217633864436965,-0.1776147229205342,0.19665365731246132,-0.008789219387604297,-0.0690753261191116,1
-0.5886783340071996,0.3990903351613567,0.4517404220150452,-0.10948035551961832,-0.1688323739065118,0.009226480860578645,-0.002975447993244562,-0.06928770682057617,1
-0.5307458122269038,0.7543365813929891,0.5132940808347966,-0.11959044334956304,-0.1838278148193176,0.1609901290070917,0.024453069043869735,-0.07563846135279223,1
-0.29601680593470525,0.145373401149411,0.4149296168384305,0.11927672727845878,-0.05989759321283811,0.15348589456146428,0.10701110555001436,0.008653193172350027,0
-0.5850792395512981,0.4869540617422192,0.5246602291005057,0.334534795299048,0.01841962377056916,0.1911714130204598,0.0541920784472818,0.004170913567078105,0
-0.5673336462971933,0.4572114393590089,0.3800420670217126,0.23067847600243158,-0.02949190492745124,0.1570369055713739,0.029342831022428628,-0.006328506535422329,0
-0.8054070063843087,0.19487102116695854,0.4847154090134082,0.1750281185016735,-0.05364740735520107,0.2030881549791947,0.09380405516817814,0.009263939512558106,0
-0.5293990438576204,0.15807565323748785,0.216016737235242,0.09369173757732974,-0.10763503378639494,0.045415902754377235,0.13213066564265863,0.018466162504863826,0
-0.5740964522686016,0.8183269698933987,0.49836074084263854,0.03879903615218544,-0.16237769747674258,0.2522526973208463,-0.19157107960185465,-0.04790180227474411,1
-0.6636642808962634,0.5305089086306285,0.22319382406583876,0.2095376935461865,-0.004116129229255194,0.08036040619694768,0.08331756960091324,-0.0089667594388263,0
-0.550006830444787,0.1692918951832637,0.23918901404100296,0.10612039362281356,-0.10638072151087424,0.058490266795082346,0.11091747000234509,0.010541863039316701,0
-0.3596508453838106,0.6301042543692851,0.47676226015834244,0.01813088515919059,-0.20520927442279757,0.2709507512167221,0.05556273803127537,-0.03543922514031078,1
-0.5183185817481172,0.35795293626414293,-0.01267956947376292,0.10523821618568235,-0.1727564082894204,0.16196550042514885,-0.14423554840488723,-0.05834120691082617,1
-0.7150073376111982,0.38200928842893894,0.5344970784235149,0.24688699123941482,-0.015659200874431234,0.2083391166608362,0.03566797553091594,-0.010929916745368251,0
-0.6493965845107817,0.7270006794806411,0.49777138688464145,0.28233571137745994,-0.05421245951667236,0.2539547493142576,0.09659019938703822,0.05976665976756074,0
-0.48081127355176406,0.5431135897697625,0.4809140118126234,0.20666677226026198,-0.04550337536230764,0.24476896972907752,0.08628152296235803,0.03541291456518608,0
-0.1899737392290597,0.16930521147604904,0.4387554309806445,0.0876981929663786,-0.035986126198287005,0.2116591056726302,0.09920020312702793,0.0035946159639588804,0
-0.5966552461878227,0.761749336950224,0.4657592823528161,0.41692559146593305,-0.17339048600342133,0.23472522618789315,0.1365153000299218,0.09898211341642771,1
-0.5313977829795364,0.8923746790678321,0.504103895269382,0.06574685359920318,-0.19343688235451734,0.3550897681033034,-0.040081219336786766,-0.0512927466112324,1
-0.5603464676708914,0.580981604119048,0.3791860048967796,0.18841621616605753,-0.07689432384797507,0.2674454482831499,0.04908463057625834,0.0037077833569332252,0
-0.7418896989844022,0.7363140308838446,0.5580720559022101,0.4554235654523375,0.009290844732132375,0.20400078651498443,0.06967079188178998,0.028110156956059285,0
-0.5274480833881535,0.45713044025250527,0.5242803715836684,0.21925146694810516,-0.034289415540668666,0.2714970204639026,0.08625429782012772,0.025015181442652856,0
-0.4489531526358813,0.5642784178287339,0.3712015042542496,-0.033213860752186075,-0.1569449778011789,0.2323474509044181,0.08350941310386495,0.025228013804492633,1
-0.600500504444104,0.1361556296484162,-0.4455910463077114,0.15569128849097857,-0.14864845138912425,0.01570080131797913,-0.06058082551591221,-0.019211728594935695,1
-0.5813453643418955,0.7686246590851072,0.4714756645436905,0.07125142122620581,-0.22879550344061017,0.25458957789740266,-0.13041785071488277,-0.08468654812805504,1
-0.5981018102781825,0.7759028734779053,0.4384125660455091,0.2759018425922185,-0.08621088364405244,0.3081245039858461,0.06618115119882073,0.0492522365854034,1
-0.5295411884026314,0.8361493071857874,0.49140108382887326,0.10214145572017991,-0.2095748622167678,0.3122648968419234,0.08931959160628838,0.07626577787950795,1
-0.4542600193239315,0.8381554897262607,0.5105220708321065,-0.14765178050070604,-0.1424890055181947,0.1971495496096527,0.10461422148820754,-0.010772553160428133,1
-0.4233547989579499,0.8676106274818943,0.21142881774169348,0.2288475338641086,-0.12701339132602013,0.274026549071779,-0.20783022955112423,-0.01638927373532012,1
-0.4117128831555473,0.8593279593973197,-0.14222465460223688,0.23800635285360588,-0.00365388843491099,-0.02047630735321687,-0.10628409581547343,0.03539898692394705,1
-0.47763731219304956,0.7513709597028431,0.443220710825752,0.3633028581659147,-0.13044807829881927,0.32667482540920384,-0.07292683596124921,0.000583883126931195,1
-0.5386412643224854,0.7055473703164878,0.5716725079032619,-0.06986715133415022,-0.3033203391498796,0.1303662743463651,0.003970730679908996,-0.11913353302123897,1
-0.44522924488698623,0.8040954297388788,0.505155007970101,0.28804965107536695,-0.19414291920661952,0.049219103280861376,0.17572975069929025,0.06331584367988102,1
-0.6305286343834497,0.7181282209403685,0.4066539591481238,0.2451309419410692,-0.07892169125176701,0.32419540773585137,0.07630521100643856,0.04426076905171217,0
-0.5969321334576637,0.14257469940573458,0.1684841847891575,0.1832895354979046,-0.14100078809575617,0.1410023749464971,0.14326586049791257,0.03918656033846657,1
-0.5786967753310476,0.6184631869348645,0.48980048529381204,-0.10129373446426221,-0.24652561618514363,0.16209104291621007,0.14094975457801578,-0.03468853386882903,1
-0.5278456328355028,0.8680713443967879,0.5428055200988705,-0.2333930806325295,-0.2622465137654479,0.22667461341860962,0.14877555777009255,0.04396251745519303,1
-0.5895199124274981,0.15264510655571872,0.18260663898612528,0.1049306741388003,-0.11780155758124322,0.04206520086192905,0.13045812380214722,0.01704578106898408,0
-0.5611481061654666,0.27009085426773355,0.444052625886609,0.2207405611736405,0.023028911488329917,0.16685030336929763,0.09009099948370708,0.010872901921253064,0
-0.5440113569900416,0.5278736554100235,0.43976656055849267,0.29429300364160305,-0.011680487750387436,0.12520101499106628,0.10194424438582539,0.02428018413391575,0
-0.6872618865494566,0.24715540236344247,0.3723702325012176,0.18170483782167607,-0.08475918013413158,0.12871479407658415,0.1128042698632849,0.02219521894570109,0
-0.8076403564186927,0.6746192174918504,0.352749308751407,0.30135975846068286,0.00817513304834222,0.193586125538041,0.016801722490602355,0.0026412393920653976,0
-0.5513057979400549,0.5749624745656627,0.40343656003109774,0.223220484112571,-0.10946101116709783,0.04053558306373728,0.12047126545813863,0.04671479310186971,1
-0.5981439225676738,0.7518646978723238,0.4902809596224955,0.033071007162167765,-0.16140871463210316,0.30351328262241256,0.08740307878385561,0.05466876903281542,1
-0.5271158705724768,0.43285888791862437,0.4407307491951191,-0.023304561486218955,-0.17800571020359318,-0.02533048433878793,-0.10294534802192173,-0.023322736128553623,1
-0.6464702888359204,0.6844876501933346,0.4066877436553712,0.2642994436277974,-0.1006260316951389,0.2797742236597694,0.07831796964727311,0.04724675891354019,1
-0.07908073988985542,0.36386058200099314,0.390886626473754,0.38569893570407937,-0.0863108799599479,0.26406212364843246,0.08980747799569089,0.0564352919446231,1
-0.4225876729084088,0.7803505662360603,0.2575992212621069,0.18568245641702585,-0.3205330696283591,0.32420051718483367,-0.19106846824028473,-0.09039441772631912,1
-0.5974314552353557,0.7213426132352406,0.5170567220532527,-0.10936123130398967,-0.22637318422257952,0.15535297029107448,0.12267642415903585,-0.031509654051521396,1
-0.05520532635864989,0.34830562802276943,0.3863100584136819,0.17512206653750334,-0.05984777062821767,0.20469332122123118,-0.006652951278474373,-0.009032028363497313,1
-0.2842098330399423,0.25275698118345513,0.4388917947091309,0.12712928508492566,-0.05749401712947061,0.20401358688424226,0.10626533529480847,0.018762028457639024,0
-0.5981439225676741,0.726833876840026,0.5160617990125629,-0.1922503419577517,-0.1852069450676233,0.15748952652116477,0.1512791847415204,0.04401746653578492,1
-0.4377040966530533,0.794320812510283,0.44017392973003366,-0.059611925618274386,-0.09876662037519568,0.22992612279477698,-0.0023724755437057876,-0.05731236539500406,1
-0.606574731149483,0.5085182544894532,0.36874665375632737,0.30509976008311024,-0.03109403888529,0.08841667803908126,0.04764058899392193,-0.007594908722267535,0
-0.6254392007283516,0.6791931310805268,0.4935016762858059,0.3763257695229367,-0.006198205521594058,0.15376590750421648,0.11607523089111693,0.04072047326176237,0
-0.42922769000465033,0.7979565611024412,0.4494375674491829,-0.08955571845980753,-0.13137390986764147,0.16529548290925944,0.12440513687479132,0.05024810234835747,1
-0.5417772178256086,-0.36675492736356197,-0.4363019419716256,0.23172803305819856,-0.09818194207252073,0.03303568840320997,-0.12932998937291512,0.06000580167804448,1
-0.6867085476062615,0.43148188607373006,0.13483512681927307,0.18238883241776915,0.005240843105993986,0.09852221339846123,0.10093113023562739,-0.001172525098759758,0
-0.6578309990875065,0.3767143757334601,0.43000834413012645,0.19767950711219318,-0.06091316093895127,0.1700133157274309,0.08283387869713255,0.01723048006116551,0
-0.7607470480282337,0.4358933346630101,0.4086398925336256,0.27445176226402257,0.040968353750077124,0.2049222517437188,0.07284973935631267,0.007405829394373287,0
-0.7305889387388621,0.6545764362300942,0.5066819256279954,0.3852962535319271,-0.003656881910093557,0.1573940373071807,0.021273490678206164,-0.010886371337186396,0
-0.5467329786684839,0.7953619604707071,0.4411860839093435,0.015504144306651535,-0.27376581340131306,0.12249647205314035,-0.15592493441354488,-0.10001631175891784,1
-0.5904242992205346,0.6751723679836888,0.4834147159700472,-0.18358536613673504,-0.17929270749958137,0.143252311087619,0.12230420319543883,-0.032152727968593975,1
-0.5144118557459564,0.5801945964812628,0.49004872994254634,-0.10722086468939324,-0.1574535089305476,0.12808852766617174,0.04236963187422005,-0.06475341548856078,1
-0.5980236897204015,0.7746049660115222,0.4379469697253764,0.2949933171070642,-0.09382420386863366,0.31909028980845233,0.10066646648606192,0.07226000802893567,1
-0.5467909078674953,0.8443200737470561,0.5147695775201601,-0.25565907035176527,-0.0076926476765796226,0.03039769308853485,-0.03690304197869476,0.10986562936564098,1
-0.4249592773786812,0.812337006308565,0.44622443440191223,-0.07703884900174768,-0.14364965343346736,0.18597052076738507,0.0778303832923164,-0.01484585313951925,1
-0.5080055981755897,0.41612174740658814,0.4629497892930433,0.26151417848581066,-0.2596307288118909,0.14792647111447954,-0.06517515303227572,-0.03027996710379177,1
-0.5279169028645722,0.8807857884483505,0.5087998806214034,0.038936328880873505,-0.15015918753412894,0.3239431102102457,-0.13236343611057483,-0.06928539277820828,1
-0.5653499800642919,0.7410212757595878,0.48864474170029615,0.034923606798909435,-0.18680818548056644,0.31574888217826,0.0879959168950622,0.04920213439679916,1
-0.47849203420257,0.46155238891005057,0.3542579471279973,0.1521807430088269,-0.09902842962729141,0.17917301137427927,0.04707192156028617,0.008867240148414723,0
-0.4444841601332654,0.6906616164487143,0.2584843569199624,0.05000199696444274,-0.1849972604256337,0.31278794980065777,0.04967492235912585,0.043674126661005175,1
-0.5294491348875077,0.8028104618330115,0.5031316615820798,-0.1838406324770837,-0.1694342279497203,0.19544454098131087,0.09145106481378523,-0.030562121372838702,1
-0.42131423212355845,0.6985940917141952,0.11657458502886603,0.14578038308999758,-0.10963345293256482,0.25726476373764645,0.06520802192987363,0.03993685437433375,1
-0.4520471845130495,0.8312392612011738,0.5626258409345763,-0.1301560501164042,-0.20097982112562768,0.18502208259397096,0.016165976853773634,-0.08302230888691908,1
-0.42665124028350226,0.6940435387153797,0.5842404147372782,-0.14114505355677798,-0.10099567816947302,0.03488792549802566,0.2040903368143076,0.02315342713265417,1
-0.4793872852319735,0.21220882226187399,0.4503326241013611,0.2015688662731897,0.01667241506782796,0.16031936588170959,0.06877557947331175,-0.005634470322104845,0
-0.4324516627141809,0.8618675635023985,0.32672088173964775,0.0465428492959728,-0.22746323867035256,0.3612089551865054,0.04430725786254758,0.05826327745294951,1
-0.6272995176787746,0.7668281230474522,0.45022376106774675,0.2753235921373459,-0.07760833891464614,0.3063170257891469,0.06605913650539691,0.04773733793752927,1
-0.5037660123071835,0.44785854579705003,0.2505354650403178,0.21135632159360906,0.054576479601778194,0.19825724210347595,0.07032408369622323,-0.004141162785815222,0
-0.5522912157792488,0.9016493985542468,0.4532097738904969,0.30072280893662884,-0.07630747186791809,0.3492848531165753,-0.13907481711629432,-0.01924897703392603,1
-0.5270751314440119,0.3832703630304656,0.35921538055548874,0.21923766377745735,-0.015592364018677807,0.08912123335969485,0.07791618998991429,0.0003716663754140259,0
-0.4148994709015541,0.8094473222356602,0.25011459204122527,0.2522698969492717,-0.25459616012890435,0.32409182216425947,-0.1719562614650546,-0.05648722595315803,1
-0.49800744206840025,0.8365627371099076,0.22503586377698043,0.3018802997549108,0.02208326564073454,0.15044138577056337,0.10360385782117176,0.019351889443225356,1
-0.4282727071453375,0.6472235807518071,0.41811746282005025,-0.021409194963317724,-0.1981318074794144,0.23887541281292374,0.05040253917357007,-0.03761353534496087,1
-0.6684575909721383,0.38038253233873426,0.39043564255810376,0.19986573553316644,-0.08996776630863279,0.13512974997070615,0.055470265385031636,0.00558057339918927,0
-0.5008259287168946,0.20934295258436408,0.35318370700614454,0.16585425571994894,0.02764759245066939,0.1618784964294553,0.08665861221504689,-0.0004584185896385762,0
-0.5948497582153796,0.2877936148129514,0.3938145201505929,0.16225209736247037,-0.0737448560711082,0.1596818686425044,0.12035822642773603,0.02774280910280391,0
-0.5285089177768406,0.9102377666257024,0.43633642850488236,0.27613738298774876,-0.05827718187434272,0.3641723394526837,0.004667237102345567,0.02856188746955929,1
-0.7237968686025733,0.450437753815019,0.3569739146944537,0.17033163560351477,-0.07829539587548368,0.267618997173827,0.09181916106262417,0.02159163680402454,0
-0.5347279315050384,0.7500461973240153,0.549027706389783,-0.1707267201866075,-0.2229770369825158,0.18528574407846304,0.16517652673700317,0.05181136754082649,1
-0.5084796325992498,0.34996193849655793,0.253184596382962,0.15419386345967523,-0.015430898869756848,0.047954802186459866,0.10384998516898336,0.0010155607226139396,0
-0.6546091338652182,-0.23555538645615953,-0.4249689011678774,0.22493381961839476,-0.014107786712657888,0.029026456047840432,-0.0752881855336508,0.04662288172780921,1
-0.43287030168150653,0.8243875987953229,0.46673515883803385,-0.06041091766977669,-0.1608113526142393,0.19240682178906648,-0.0723011098828551,-0.07268360643862198,1
-0.5982360646383726,0.4514532806148292,0.2827209079319247,0.29395833261540283,-0.15253035472888476,0.23319868193972154,0.1022151407267885,0.0511901093546836,1
-0.5321809533134323,0.7541699087625435,0.4957109798668254,-0.2767149865960157,-0.1246356656758777,-0.13133347988306393,0.07297577568134772,-0.05545107303051233,1
-0.5895088310986019,0.5991277174548386,0.4688984775417956,0.03378020235409224,-0.163698024497052,0.23680925506579942,-0.008854128471624034,-0.05790572071194677,1
-0.7160838172584569,0.591100547518303,0.4660470005210928,0.3504881734889678,-0.009668153543216262,0.14000171343998014,0.05169381280315544,0.0007541182448246864,0
-0.5536807559819956,0.818284742036995,0.4777604246193787,0.034220497491510626,-0.20636132958611986,0.19376219927061522,-0.16095964995358125,-0.04923938421920626,1
-0.5859033700190754,0.8326076487824124,0.39575854109811304,0.36513467576665937,-0.004751169103360375,0.15445647559629555,0.10581457663236865,0.05685104330995072,1
-0.5120433448279299,0.8407515519431522,0.2982290950194097,0.23014716534208624,-0.1075455358461389,0.34463883599254475,0.050081680619017466,0.03570389767169507,1
-0.48744728928840275,0.3715642019180013,0.3784153260497288,-0.01010295002010786,-0.14928936236512091,0.04507956501289456,-0.0817109107539089,-0.04682283037009877,1
-0.268154469212108,0.274649066199957,0.29931925545326593,0.1328899076172298,-0.0446999103299176,0.08275547710709802,0.1075074542847228,0.017357314015983283,0
-0.5267336657845119,0.873916035619806,0.39098550755409806,0.3169516371811171,-0.09812488875958597,0.35996124605862195,0.03286395898995326,0.033577346006158804,1
-0.4371754394075133,0.8366471646936964,0.16754198462894937,0.22379148664821003,-0.025973446685587098,-0.017063828925866054,0.12125835689249292,-0.0021654923345310606,1
-0.5039137460090979,0.8038330440905745,0.12369429117323893,0.24902156311391888,-0.007711294720211037,0.06456046770015772,-0.034096007048846744,0.03519520652625013,1
-0.5578260743538466,0.6134895147494077,0.42255118495456984,0.2816614819277689,-0.028426608927134944,0.09417680084540819,0.07696850515780801,0.006816878977786267,0
-0.5386438726485827,0.7051360985755173,0.5470718054603816,-0.06981784078340908,-0.24035618922699914,0.15111341820906105,0.042243934376254455,-0.08848516873302181,1
-0.5981563678974224,0.7522420980970745,0.4899212929227678,0.025943304444440873,-0.155684268191758,0.3043626405523518,0.08626708535474664,0.05317819131708934,1
-0.5484955383192025,0.43838352215396104,0.4487092569855615,0.20294305519192007,-0.07170690616861175,0.22233361299334897,0.06747453182256863,0.012892276598809094,1
-0.7266872618860665,0.39711823351464937,0.2810551083610896,0.21260722422450673,-0.015030173080230136,0.07058545254401205,0.10688186531996635,0.008314850902224447,0
-0.5981614740778687,0.7273253567964268,0.5156553835458382,-0.2023960538228835,-0.179922007272042,0.15861296281093124,0.14967806359341795,0.04248725842955031,1
-0.46375496907194047,0.8275864614013184,0.5392772784059201,-0.1292857120503384,-0.197257780448246,0.2065355161812753,0.12994351031355605,0.05132266336842184,1
-0.5962224640100264,0.2583846394837021,0.25148890718411454,0.17715057840402548,-0.011772760574166374,0.06336479909234316,0.12297626857927607,0.015505858638528158,0
-0.4405901522131297,0.4447755012471048,0.4465888530017074,0.18745011146729906,-0.06850808674779907,0.18279349530264544,0.08924678656654694,0.029479470691015475,0
-0.439815030964083,0.35836725469830183,0.28394335687954075,0.15393823280178676,-0.003255794401035017,0.07965916555031954,0.09975848153582756,0.002879818285766167,0
-0.7059583450465966,0.6343852656873679,0.4633622664969036,0.2533255873556816,-0.05802092848463303,0.20690517798548752,0.0637113668118135,0.030262840462486063,0
-0.6189178821537081,0.3363140995625318,0.35798737893298394,0.15539645762368104,-0.08799947494608101,0.11744866137191179,0.13691445270540287,0.039169262058217136,0
-0.6025775322790918,0.6886931529031326,0.4814869545323669,0.06513769268731817,-0.18905294587946908,0.27267836003479545,-0.02635013090928806,-0.06383682312024952,1
-0.5694472103744121,0.5405289675713172,0.4211671880939913,0.3301663833939186,-0.008586000719558562,0.13394893709989464,0.11226930118888956,0.03451890865740731,0
-0.6402603451743695,0.3588936157079743,0.19091845211047764,0.16467458857668588,-0.014422912053497439,0.03292731779239577,0.12613585740015376,0.009680291975695254,0
-0.5944247397742729,0.7223367252910138,0.5285902773024796,-0.15079500495146475,-0.2038162523707891,0.16141627164689137,0.15446574619005737,0.04925280402546506,1
-0.518127893622538,0.7286067636931342,0.5235045198028679,-0.18600699006778793,-0.180531472076846,0.16535520151505567,0.14526916071303592,0.043296556625379345,1
-0.594235745185907,0.76261199143804,0.520452196000277,-0.2025338700947127,-0.18426326687638156,0.08704757826958293,-0.0404716390563275,-0.08865439249256313,1
-0.5969831276510256,0.7416687616061124,0.4911856929302584,0.15761934093002045,-0.267820847285432,0.2976232926039269,0.12291520087476998,0.08878864287046456,1
-0.7267711407907577,0.27324450878892637,0.5217813415887969,0.20118202364350596,-0.040680712780418626,0.20721600315904076,0.06723970015733383,-0.0008735504869548105,0
-0.4510567730972591,0.7994892289296794,0.5114600071192509,-0.052177705380722306,0.04222112212776141,-0.05885535865521557,0.11029981267980038,-0.007433150242337261,1
-0.5290450530841573,0.8590135766151982,0.41634981840014806,0.2970421810744209,-0.07711814599707456,0.35139621225819173,-0.06493781456431907,0.0007095943915241265,1
-0.5142829938829924,0.8832964811556974,0.4470298713871348,0.3144905997244589,-0.08368880528911776,0.3603642038764566,-0.07192686785054331,-0.004383834150970323,1
-0.3971643835660372,0.3006598901740867,0.35639975799644097,0.12213880776262603,-0.09639256939345087,0.15247566991605782,0.11696246963388274,0.02992854142503759,0
-0.5501482452443214,0.7487528869304971,0.5229401153691979,-0.19380600941463338,-0.181672024096243,0.08822089740351413,-0.040977171949366065,-0.08684289055143735,1
-0.48065273698473054,0.8181620075541349,0.5847013929482987,-0.18744693108210625,-0.2094795936283575,0.20661475519598294,0.13744718416280455,0.04617344126114009,1
-0.6576802465930471,0.24266815607833758,0.3884202673305095,0.17748103635881574,-0.0726843820455953,0.135465387854883,0.10458333691133193,0.016996683862668338,0
-0.5032788027452251,0.39600990329310215,0.07924259731705163,0.07688911301577234,-0.09341192162769951,0.19149304310822446,-0.05500703953906516,-0.03000052807271192,1
-0.45759610437313725,0.8381297492480541,0.494500298534554,-0.13824110137938772,-0.10666712376668375,0.19056960843839965,0.03031619801871399,-0.05082131029062492,1
-0.5605255676136188,0.2363164662197596,0.4277740485631848,0.1653559765688632,-0.07247369016219768,0.20536978080896312,0.10196466897014589,0.015448578790463685,0
-0.714813344239292,0.39477102664501823,0.3578508515821308,0.1720516548792138,-0.0889247191044027,0.17167047769065574,0.06220194211346819,0.007426275479498867,0
-0.6638044395792048,0.24363440068671105,0.3854208769777121,0.17833879974108097,-0.07508197940646105,0.13424234104255095,0.10619398413155062,0.018041012857511474,0
-0.28477874804521264,0.2541404390353508,0.3827523169673994,0.11186970994458167,-0.08089613983123284,0.09501300001416707,0.1276959028797911,0.031108917383378343,0
-0.6545598619907247,0.3905369126582449,0.48135852321719436,0.23793399526593362,-0.03705737945886689,0.21033387143957138,0.09155510072069906,0.027633629280729932,0
-0.6454013176148814,0.7187296315844662,0.4987792986771841,0.28251880994545997,-0.04630752532570942,0.24525374247291187,0.09681572935717431,0.058599408269499,0
-0.44292939423011346,0.3610861787994547,0.39625280277530517,0.13699026520741442,-0.08210057256833642,0.16887884132651948,0.1067241324947179,0.0289469485279909,0
-0.6491178431277403,0.5135705142870027,0.393067734701179,0.3035723611679149,-0.03095583299244259,0.09458753386932933,0.07137695776425984,0.006316009781358101,0
-0.6069874113953837,0.30361428187756817,0.4016542647173813,0.1687731279775943,-0.0715989202560659,0.16162079024707032,0.11448281604861926,0.02634023287826892,0
-0.5326726603014613,0.6389874901943735,0.4475956496724346,0.22936557702006072,-0.07119435248780337,0.27765671739084047,0.08002182117117523,0.04197339169758474,0
-0.7593180718612481,0.7086133090954396,0.5954117819132999,0.34620729633443936,0.009737096658985145,0.2942222557815808,0.0016339643927146819,-0.0048203664057550055,0
-0.5673934332200447,0.620780264647864,0.44843427149271553,0.307242930127153,-0.00363237679228684,0.1372780951556481,0.06977432644393888,0.007495864254174478,0
-0.6468079833493015,0.5883497246380105,0.603492921219228,0.38998740589628716,0.03524968999996131,0.2307823624568051,0.06331513662430333,0.020738197037241002,0
-0.6628645191677325,0.4697001168141962,0.214585290645796,0.19365483084166335,-0.00870287536324349,0.06441442237312306,0.10226713035041307,-0.000711214826763451,0
-0.6830003846388313,0.5840914907179375,0.5411779534160464,0.25857399902900063,-0.0328111234834752,0.2938340458638566,0.054974096945097806,0.01560520278985178,0
-0.5820807279786684,0.512581465433374,0.50336786214063,0.2473869467831219,-0.026603158418865236,0.24023070648615197,0.06386847468005602,0.0209291167533725,0
-0.3929997693069946,0.39527771069772805,0.3607410115439107,0.17950359374398278,-0.004705216936029266,0.0964745116279706,0.07665448355663274,-0.0015403540429096418,0
-0.3612344582430181,0.3245803295674555,0.369488330603406,0.15115157390202244,-0.052700256360860065,0.11339030206286377,0.09855875555591564,0.01946988816727485,0
-0.5192930843948296,0.45609673705223386,0.2545441645435692,0.21697478119491265,0.05401649771014849,0.19908288864166762,0.06929783851403915,-0.0041413235247736435,0
-0.5984888176583782,0.49391134799198594,0.540196970227296,0.24109901534702516,-0.03055189319012419,0.27858588454046157,0.08086505264401511,0.026542706612618372,0
-0.6685504407693041,0.6997637207406842,0.4887603238085358,0.2738769101917954,-0.05543075839981748,0.23983620850125648,0.08549278869972016,0.049995459003201126,0
-0.7047816147971644,0.432104472496282,0.30757387434706385,0.23935278291048617,0.03449302593615,0.17880537195080115,0.05484436096138279,-0.014098707216879947,0
-0.5268173043496388,0.19911444147584834,0.34799668252697424,0.16640046083126203,0.026062109544994494,0.16614257788308068,0.0762226851884405,-0.008114247565478627,0
-0.6821811587196941,0.5862561035400121,0.5503980078105449,0.26412498954125146,-0.029683960496242945,0.29341850310788814,0.05239918182625147,0.015128743567079328,0
-0.5934619915863696,0.6489493446012107,0.45925649519724276,0.33268470639995334,-0.017453042777534455,0.12644836786098002,0.09826455177641469,0.024621326513307173,0
-0.5861764882377065,0.22631864280404312,0.5733004247974209,0.23479412542756023,0.0253053736450069,0.19694266758245715,0.057129213667786116,-0.007498916176473136,0
-0.44373038659285013,0.4247717589946066,0.43862474280292285,0.17482613930414115,-0.07181132503619542,0.18023102865779383,0.09391129307430418,0.029635387753373044,0
-0.511114767424701,0.45749841270926067,0.5320021099606911,0.22278590619113076,-0.027075936130020517,0.2677142979172236,0.08524113967349001,0.025144604689667893,0
-0.6750780332843749,0.6895794912911638,0.4851079559674167,0.27069615777814765,-0.055862576330429514,0.234620962430994,0.08168179585807428,0.04660514287188938,0
-0.8053164620043249,0.2455885858861933,0.3321047656644961,0.19443714153307784,0.011044013729100577,0.13547410704527707,0.08659812979245146,-1.0495620369865843e-05,0
-0.5996510223523277,0.3430802636842961,0.35233361100674554,0.2253748702901215,-0.009999261095922973,0.09902319337205423,0.09788693379532581,0.011376853952320076,0
-0.6286657484094826,0.3333758454496638,0.4147118827383673,0.1807768965994428,-0.0674158124289877,0.16515072751679238,0.10242014259550597,0.023125853680559083,0
-0.7244311999572793,0.6277904797991066,0.4904982138060559,0.3704762973577847,-0.00619975244646076,0.15055009996514995,0.03425773962219725,-0.005739674357563063,0
-0.5107976312506113,0.12333293788695554,0.13485369956410598,0.05210466129382202,-0.11069956077049276,0.15555584456719007,0.11391677265434819,0.0060771373842482546,0
-0.6991002732649272,0.6444006618522629,0.4687349442155542,0.25782484515289655,-0.054184100054758155,0.20892156455054844,0.06672359194785998,0.03280456548058086,0
-0.6151367676939365,0.3370111763240053,0.3590112744916557,0.15585550730322129,-0.08824342492446141,0.11740592512851783,0.13678372466653704,0.039263046239499166,0
-0.2720390930382973,0.22904824461469764,0.30984581279284645,0.13976693592596884,-0.010928092479274454,0.07673846629368741,0.08927104198047786,0.0026803224109531176,0
-0.6810388561901475,0.3896776086268148,0.39054510973367673,0.19366342034829598,-0.08909198772162552,0.14925589792985905,0.05469092030011702,0.005652833356551257,0
-0.5255749509034966,0.45175221569741997,0.4796408997991379,0.2255963978541704,-0.035233402966212024,0.21791207157659748,0.07929670352276375,0.023704180654360696,0
-0.5977172581875514,0.5246190562519039,0.38662699784845017,0.1845220138346692,-0.08171484664414974,0.2442182583794582,0.07574180144606496,0.025488494929559347,0
-0.4399208637393918,0.35729207899401644,0.39386685715999714,0.13596816050607152,-0.08312618213066736,0.16786228045553814,0.1074545467777333,0.029054825442714094,0
-0.23487331569959724,0.14104200319339033,0.33329457191496564,0.0997232567862909,0.0086487761714239,0.10020871009745652,0.0964829354773592,0.0022638757362573037,0
-0.4445347778046187,0.32486275827161204,0.38487570877332133,0.15197448017175497,-0.09092713071562525,0.10806916136644895,0.1388655494892716,0.04207870353572807,0
-0.638988247198117,0.738501562091077,0.49443956547078577,0.27865291305383577,-0.057885506812233034,0.2693840870329247,0.09326073361988929,0.0594912898366311,0
-0.6838885295702434,0.5141223633868133,0.35816624232370275,0.18615658959589254,-0.085520785881947,0.27101559935208996,0.07104195302405353,0.015278393942306956,0
-0.6913609732173334,0.38169727296932765,0.31201689778853536,0.15087359603127914,-0.1005015598478507,0.13510787125898605,0.08140501518400706,0.014506914318275443,0
-0.3930755414922285,0.40780637924510343,0.369453464454035,0.23466950359160338,-0.008881902247952878,0.1086266555274491,0.091576676064002,0.012696003338598882,0
-0.4252577573940302,0.3396734178967178,0.44045208883859355,0.18604438896375824,-0.048804540308579225,0.17939518591824077,0.10186198046875777,0.024982653285611667,0
-0.6691669903113551,0.49257615017767653,0.4716213819203214,0.23908816070431432,-0.062369769285964716,0.2149903161891385,0.051077764964444716,0.013528521465335563,0
-0.5376071091020189,0.29190347715694465,0.5842279711104994,0.257016957468811,0.0286076572293138,0.2056558927213908,0.05263991876392515,-0.0070615859627767286,0
-0.6264155789186369,0.7264930581805007,0.4095448987187112,0.24641496964891307,-0.07800654761425907,0.3249242340700575,0.07342621760085183,0.04347639679283982,0
-0.545928427544701,0.1670602303821116,0.2345261968550621,0.10364485919442412,-0.10673729433478113,0.05611975928901752,0.11565741313102057,0.012310574956198861,0
-0.5959084337150033,0.5117912935060012,0.3893390601254677,0.3053185272048691,-0.02825065683659589,0.09690110942567542,0.05678939096467622,-0.0016101507861394082,0
-0.5296715447138349,0.2927849425259084,0.36591387417715865,0.20366424026528085,0.0007375659227439879,0.11454726043701685,0.09657990867738503,0.010486059801037895,0
-0.3721918258462583,0.18957460512244811,0.36519997102459384,0.13865379927944138,0.02781916630491782,0.1443083919669087,0.09497150511396274,0.0022968928267282362,0
-0.6673195413128876,0.24259469479335405,0.3728000350439975,0.17451856052666526,-0.07835804192277479,0.12436533305310832,0.10154716051048451,0.015109324373987598,0
-0.6998299122824818,0.48099773367345366,0.3275267803815587,0.26464675084268874,0.04313322316100748,0.19961320155723689,0.055486662068417514,-0.00848651040476417,0
-0.7587199643722129,0.7165567867132979,0.5965136717578777,0.34861324507512137,0.009880189239746984,0.29644000169562384,0.0008815748781689781,-0.004486914778755846,0
-0.7107037166428865,0.6128503384527741,0.4582821320507383,0.2490800120375667,-0.058602924008951285,0.2014005666696293,0.06832472309328091,0.030681495785891966,0
-0.6390291560141128,0.7384581220642817,0.49446455574083015,0.27866927012087495,-0.05787086423406379,0.2693286028144317,0.09327389652876844,0.0594932851469962,0
-0.7681549470525368,0.4956280669341155,0.6071117073366421,0.36539165698548587,0.028309840695702637,0.2180266965527532,0.05061719963344008,0.00794754103234091,0
-0.49224845984495597,0.5092913873984526,0.4590221285011441,0.20933885804074448,-0.0662589331891913,0.19981287748564547,0.08864589539480844,0.03491364678675324,0
-0.5127446252370595,0.3412821011574559,0.3791231737216898,0.16263092267274915,-0.09350214765181358,0.11216423795765051,0.14119885375007007,0.04417637206845654,0
-0.45717359556288917,0.21616423681356856,0.3589196939271775,0.158956952477197,-0.054451046869243236,0.12243786803322082,0.1085081642872362,0.015038335326681418,0
-0.6988086578759417,0.5874947755197841,0.4559357493895152,0.34706622485968286,-0.01855422171657012,0.12730099106986664,0.04737744912856928,-0.0012165467453470469,0
-0.5758579771883873,0.5517358461237126,0.38661948848367633,0.1903667442085183,-0.07711244660587124,0.27928945654841814,0.06395829710706868,0.014772304142192605,0
-0.4556553831648223,0.35758023223026614,0.2776712228168882,0.15430966089073483,-0.006181038299177433,0.07289058268950216,0.10063084569544495,0.0025622197180044104,0
-0.672721019837218,0.5261715737672941,0.497779043575664,0.24438672996152438,-0.05613717223879916,0.2616356644467717,0.04187068603543337,0.008188095273528984,0
-0.43963127158633575,0.4267224212038583,0.3295188828626907,0.17734108165739887,-0.013328626045591374,0.07534118312296001,0.09298559636149789,0.003499659131911803,0
-0.3943346755565261,0.19984696856876316,0.47512626336184977,0.18731720236386984,0.023165981427192006,0.17455251313193743,0.07200444019142394,-0.00451354186650843,0
-0.31456957434415,0.2706288172252466,0.39075392156292355,0.12214102196272408,-0.0785231091912143,0.10752096673805323,0.11905117449879632,0.028181626526953718,0
-0.6050266282349465,0.6262109849900879,0.4632660663771184,0.3453492286175713,-0.01824972365770916,0.12735153083338852,0.1314552639730332,0.04451757617886576,0
-0.6625320271782306,0.5451427392344953,0.17939335696839132,0.21827577780659907,0.025026202659150565,0.15252310230417765,0.09085491315215166,0.00381833327387876,0
-0.449206939812441,0.4164797016307963,0.4841687334689847,0.21117451473846988,-0.021379735212249285,0.22655594558883863,0.08840589880227256,0.024377998408658452,0
-0.6997540439100889,0.5923173028717004,0.3563152928500435,0.2751068418220982,-0.012263337358732807,0.1739877530687164,0.047461999663108934,0.014169023249280044,0
-0.3986692100753004,0.2090563139611934,0.48009626879440437,0.19237456527678914,0.02277205347322131,0.17545387182600403,0.0708836601161752,-0.004403198269823383,0
-0.6723938202430728,0.5065927209075048,0.5374721982204673,0.27885887627347933,-0.007539420085547144,0.2478489307015183,0.03193297538524287,-0.0010920964734992822,0
-0.5164430639709106,0.5889675505684577,0.4053041971396924,0.26572124565508964,-0.0266828635929951,0.08859645567593305,0.08575716287735147,0.008843753959784373,0
-0.5175632840027757,0.1443801463922466,0.23215650991812137,0.08222359503777465,-0.10166773599128898,0.1704601577008863,0.11007239311201611,0.007504848184665069,0
-0.5969510795668695,0.1909172884905075,0.2611108379413643,0.1223748888554706,-0.10508641111431632,0.06385255486957003,0.10390610564740071,0.009621208740763554,0
-0.5124668861274609,0.45665233749800116,0.24761028357031278,0.21348667074891298,0.05384075035009078,0.1979168934729597,0.07069103902275964,-0.0036786014095082087,0
